Unnamed: 0,id,lat,lon,year,country,index_all,index_rep
2,2_uganda_2013,-0.292248011,31.47872162,2013,uganda,-0.386530846,-0.373919724
5,5_uganda_2013,-0.439119995,31.7119503,2013,uganda,0.317944015,0.340909637
11,11_uganda_2013,-0.508831024,31.33328629,2013,uganda,-0.447883299,-0.437503012
14,14_uganda_2013,-0.518612027,31.19443703,2013,uganda,-0.078402284,-0.065409896
17,17_uganda_2013,-0.530628026,32.32749176,2013,uganda,-0.253744638,-0.25880862
29,29_uganda_2013,-0.576781988,31.69163704,2013,uganda,0.020381536,0.030781712
32,32_uganda_2013,-0.608761013,30.67222977,2013,uganda,1.07201008,1.055135282
38,38_uganda_2013,-0.640430987,29.80598259,2013,uganda,-0.304891872,-0.294708282
44,44_uganda_2013,-0.745038986,30.42481422,2013,uganda,-0.183025072,-0.173790165
47,47_uganda_2013,-0.760571003,30.17909431,2013,uganda,-0.042383411,-0.036061548
50,50_uganda_2013,-0.860807002,30.26927567,2013,uganda,1.242836413,1.226598412
53,53_uganda_2013,-0.867663026,30.35411453,2013,uganda,0.059105989,0.067396801
56,56_uganda_2013,-0.887125015,31.71108818,2013,uganda,-0.397494298,-0.392755933
59,59_uganda_2013,-0.903626978,31.76547241,2013,uganda,0.47055434,0.424628409
62,62_uganda_2013,-0.920324028,29.80122948,2013,uganda,0.081224754,0.084397686
65,65_uganda_2013,-0.96490097,29.95968819,2013,uganda,-0.146442526,-0.136968151
68,68_uganda_2013,-0.982336998,30.45973778,2013,uganda,-0.3292238,-0.318830299
71,71_uganda_2013,-0.987177014,30.12983513,2013,uganda,0.024161454,0.028915871
75,75_uganda_2013,-1.150599957,29.67283821,2013,uganda,-0.543597446,-0.536072844
81,81_uganda_2013,-1.241430044,29.96116638,2013,uganda,-0.068305461,-0.057154826
84,84_uganda_2013,-1.255216002,30.05681992,2013,uganda,0.400524414,0.406010044
986,986_uganda_2013,0.039344002,32.5403862,2013,uganda,-0.561866456,-0.561946248
995,995_uganda_2013,0.145366997,31.23105812,2013,uganda,-0.042499924,-0.033421368
998,998_uganda_2013,0.213035002,31.05263901,2013,uganda,0.027107286,0.040773184
1004,1004_uganda_2013,0.261842012,32.55675507,2013,uganda,1.318046421,1.30378155
1013,1013_uganda_2013,0.289272994,32.61597443,2013,uganda,1.028207773,1.025784983
1016,1016_uganda_2013,0.28986001,32.55303574,2013,uganda,0.795017353,0.782740701
1019,1019_uganda_2013,0.301654994,32.60055161,2013,uganda,1.150068275,1.13263027
1022,1022_uganda_2013,0.303220987,32.61974716,2013,uganda,1.035441121,1.024060535
1025,1025_uganda_2013,0.304610014,32.54377365,2013,uganda,0.207225491,0.215827492
1028,1028_uganda_2013,0.305940986,32.52914429,2013,uganda,0.701364801,0.696816545
1031,1031_uganda_2013,0.306104004,32.63596344,2013,uganda,1.54736324,1.526651992
1034,1034_uganda_2013,0.313044995,32.5691452,2013,uganda,1.002569891,0.99045686
1037,1037_uganda_2013,0.317142993,32.537323,2013,uganda,1.557226914,1.53411245
1040,1040_uganda_2013,0.321927994,32.63808823,2013,uganda,1.337866519,1.316006195
1046,1046_uganda_2013,0.328184992,32.63406754,2013,uganda,0.890620392,0.892823309
1049,1049_uganda_2013,0.330749989,32.54213715,2013,uganda,1.218521696,1.205813943
1052,1052_uganda_2013,0.333187997,32.57065582,2013,uganda,1.491697664,1.461138093
1055,1055_uganda_2013,0.337204993,32.60858917,2013,uganda,1.01578997,1.003018796
1061,1061_uganda_2013,0.347712994,32.68297958,2013,uganda,1.004865601,0.991968199
1079,1079_uganda_2013,0.371428996,32.56506348,2013,uganda,1.180092984,1.165944372
1082,1082_uganda_2013,0.372613013,32.75637436,2013,uganda,0.317944015,0.340909637
1091,1091_uganda_2013,0.405371994,31.47805786,2013,uganda,-0.27553232,-0.272828259
1094,1094_uganda_2013,0.423703015,33.61217117,2013,uganda,-0.305443164,-0.295303399
1100,1100_uganda_2013,0.432437003,33.24067688,2013,uganda,0.480751649,0.468627083
1106,1106_uganda_2013,0.480720013,31.69316673,2013,uganda,0.271993321,0.300553003
1112,1112_uganda_2013,0.513224006,33.41770935,2013,uganda,-0.194355965,-0.185670216
1118,1118_uganda_2013,0.545563996,33.09376526,2013,uganda,0.021331301,0.032211452
1121,1121_uganda_2013,0.551319003,33.12586212,2013,uganda,-0.498915597,-0.486959709
1124,1124_uganda_2013,0.552686989,31.38202667,2013,uganda,1.358675857,1.342750537
1127,1127_uganda_2013,0.572827995,33.47402573,2013,uganda,-0.037568087,-0.029691138
1130,1130_uganda_2013,0.578552008,30.16120148,2013,uganda,-0.307046642,-0.30082512
1136,1136_uganda_2013,0.589527011,32.62310791,2013,uganda,0.534593348,0.536518766
1139,1139_uganda_2013,0.615904987,33.47005463,2013,uganda,0.909810197,0.905859354
1142,1142_uganda_2013,0.623696983,33.4741478,2013,uganda,0.766964621,0.761712744
1148,1148_uganda_2013,0.626914024,30.27711868,2013,uganda,-0.083322082,-0.069644074
1151,1151_uganda_2013,0.630704999,31.78772354,2013,uganda,-0.0967479,-0.082942856
1154,1154_uganda_2013,0.640798986,30.30128288,2013,uganda,0.845683905,0.832945119
1157,1157_uganda_2013,0.662384987,32.70914078,2013,uganda,-0.224581303,-0.214059061
1160,1160_uganda_2013,0.674983025,33.51989746,2013,uganda,0.064392521,0.074179072
1163,1163_uganda_2013,0.696134984,34.00296402,2013,uganda,-0.429852461,-0.420623531
1169,1169_uganda_2013,0.711117983,34.17363739,2013,uganda,-0.049319991,-0.045220024
1172,1172_uganda_2013,0.711597979,33.68483353,2013,uganda,-0.316324835,-0.310545063
1175,1175_uganda_2013,0.712144971,32.52943039,2013,uganda,0.686226335,0.697056104
1181,1181_uganda_2013,0.728757977,30.64658928,2013,uganda,-0.1652787,-0.159079887
1190,1190_uganda_2013,0.822012007,30.79213142,2013,uganda,-0.069021432,-0.058585649
1193,1193_uganda_2013,0.827234983,32.84408569,2013,uganda,-0.220939702,-0.207578315
1196,1196_uganda_2013,0.827926993,31.84346581,2013,uganda,-0.438244128,-0.43216258
1202,1202_uganda_2013,0.900533974,33.10151291,2013,uganda,0.536003552,0.548693826
1208,1208_uganda_2013,0.940078974,30.81191826,2013,uganda,0.824522155,0.831924891
1211,1211_uganda_2013,1.009101987,30.55777931,2013,uganda,-0.420482524,-0.41075673
1220,1220_uganda_2013,1.073454022,34.16503906,2013,uganda,1.500039427,1.479981121
1223,1223_uganda_2013,1.151654959,34.26158905,2013,uganda,0.022523027,0.023126846
1226,1226_uganda_2013,1.218423963,34.27043152,2013,uganda,-0.078663309,-0.074352121
1229,1229_uganda_2013,1.245738029,34.26357269,2013,uganda,0.244690813,0.24420754
1241,1241_uganda_2013,1.361871004,31.45138741,2013,uganda,-0.280481549,-0.272991181
1244,1244_uganda_2013,1.37214005,33.90796661,2013,uganda,-0.133547763,-0.123317449
1250,1250_uganda_2013,1.445642948,31.33476257,2013,uganda,0.227168843,0.242213379
1253,1253_uganda_2013,1.474652052,31.33889389,2013,uganda,0.36460371,0.361180469
1259,1259_uganda_2013,1.531584024,34.05011368,2013,uganda,-0.751773734,-0.74770565
1262,1262_uganda_2013,1.626024961,31.5849762,2013,uganda,0.267400324,0.281414687
1268,1268_uganda_2013,1.677467942,32.37012863,2013,uganda,0.001522922,0.008789918
1274,1274_uganda_2013,1.700413942,33.68852234,2013,uganda,-0.212926135,-0.205042422
1283,1283_uganda_2013,1.746652007,31.67006874,2013,uganda,-0.587547268,-0.578917089
1289,1289_uganda_2013,1.83483398,32.38417435,2013,uganda,-0.137583208,-0.132074036
1292,1292_uganda_2013,1.845589042,34.72315979,2013,uganda,-0.952522622,-0.949972249
1295,1295_uganda_2013,1.905334949,32.37199783,2013,uganda,-0.384313639,-0.372896143
1298,1298_uganda_2013,1.978713989,32.52962112,2013,uganda,0.686052359,0.69157377
1306,1306_ethiopia_2015,10.08123799,34.68319018,2015,ethiopia,-0.428180966,-0.443750303
1310,1310_ethiopia_2015,10.1255685,39.31730633,2015,ethiopia,-1.185292411,-1.170018799
1312,1312_nigeria_2015,10.15819452,11.46937607,2015,nigeria,0.616402531,0.842700758
1314,1314_ethiopia_2015,10.17715102,38.97277968,2015,ethiopia,-0.797876303,-0.806056374
1316,1316_nigeria_2015,10.1941516,12.45606764,2015,nigeria,0.444236771,0.430852897
1318,1318_nigeria_2015,10.23741678,10.1316669,2015,nigeria,0.538863542,0.544507115
1320,1320_nigeria_2015,10.26867392,13.23861026,2015,nigeria,1.27596373,1.246480703
1326,1326_nigeria_2015,10.2832908,12.88704666,2015,nigeria,0.579430991,0.569474007
1328,1328_nigeria_2015,10.28622469,9.637662895,2015,nigeria,0.735163406,0.726348936
1330,1330_nigeria_2015,10.29606244,11.18512328,2015,nigeria,1.264693095,1.246400965
1332,1332_nigeria_2015,10.30439688,9.846829659,2015,nigeria,1.889552186,1.86125085
1334,1334_nigeria_2015,10.30566194,11.16888011,2015,nigeria,1.661224931,1.636258144
1336,1336_nigeria_2015,10.36698169,9.502707258,2015,nigeria,0.888827594,0.685914832
1338,1338_nigeria_2015,10.37158973,8.139707476,2015,nigeria,0.020348561,0.045303301
1340,1340_ethiopia_2015,10.41807174,38.16971213,2015,ethiopia,-0.683629335,-0.692933638
1342,1342_ethiopia_2015,10.42161736,37.57654888,2015,ethiopia,-0.609075314,-0.617865309
1344,1344_nigeria_2015,10.4307766,5.557357747,2015,nigeria,0.567634089,0.5553062
1346,1346_ethiopia_2015,10.43760291,38.3184384,2015,ethiopia,-0.135145429,-0.156329436
1348,1348_ethiopia_2015,10.46241014,42.24349557,2015,ethiopia,-0.643962926,-0.649371567
1352,1352_ethiopia_2015,10.48220878,34.78617781,2015,ethiopia,-0.699085416,-0.702014075
1358,1358_ethiopia_2015,10.4981528,42.59494332,2015,ethiopia,-1.104138869,-1.097442921
1361,1361_ethiopia_2015,10.52815378,39.81310682,2015,ethiopia,-1.21992383,-1.216547307
1363,1363_nigeria_2015,10.54124243,7.44285315,2015,nigeria,1.60657094,1.557335397
1367,1367_ethiopia_2015,10.57389284,39.935428,2015,ethiopia,0.245371827,0.228054634
1369,1369_nigeria_2015,10.57705789,12.17646513,2015,nigeria,2.190097007,2.152409762
1371,1371_ethiopia_2015,10.57737596,37.04496751,2015,ethiopia,-0.792145587,-0.793604874
1373,1373_ethiopia_2015,10.57921884,38.60625331,2015,ethiopia,-1.232362313,-1.228930264
1375,1375_ethiopia_2015,10.57943193,37.79849841,2015,ethiopia,-1.122069433,-1.119027038
1377,1377_ethiopia_2015,10.58835212,39.90749583,2015,ethiopia,-0.651960683,-0.655085265
1379,1379_ethiopia_2015,10.58927683,37.46159823,2015,ethiopia,-1.06807465,-1.068109724
1381,1381_nigeria_2015,10.6546032,10.47376395,2015,nigeria,0.554214513,0.537799119
1383,1383_nigeria_2015,10.70211703,13.44174662,2015,nigeria,0.713001847,0.702893047
1385,1385_ethiopia_2015,10.72068985,39.88602913,2015,ethiopia,-0.056562594,-0.079993111
1389,1389_nigeria_2015,10.77702681,9.172612048,2015,nigeria,0.344980983,0.339308498
1391,1391_ethiopia_2015,10.79277637,37.14454149,2015,ethiopia,-1.031616366,-1.027262002
1393,1393_ethiopia_2015,10.82933732,37.06442328,2015,ethiopia,-1.045623399,-1.041925434
1395,1395_nigeria_2015,10.85479174,9.805784183,2015,nigeria,0.609755585,0.730035882
1397,1397_nigeria_2015,10.88573367,5.862466598,2015,nigeria,0.104969763,0.089134825
1399,1399_ethiopia_2015,10.90704598,38.0365175,2015,ethiopia,-1.006062332,-1.006141652
1401,1401_nigeria_2015,10.90771936,10.0246378,2015,nigeria,0.996344999,0.98393666
1409,1409_ethiopia_2015,10.94362921,40.00543711,2015,ethiopia,-1.115835455,-1.115069424
1411,1411_ethiopia_2015,10.95519454,38.28469651,2015,ethiopia,-0.818397484,-0.822591514
1413,1413_ethiopia_2015,10.96861006,37.1784774,2015,ethiopia,-0.196226031,-0.216311467
1419,1419_ethiopia_2015,11.02688331,38.92293527,2015,ethiopia,-1.000612862,-0.996096842
1425,1425_ethiopia_2015,11.08743009,39.78439131,2015,ethiopia,-0.430804646,-0.440147746
1427,1427_nigeria_2015,11.10172955,5.263328334,2015,nigeria,1.379185607,1.362609058
1429,1429_nigeria_2015,11.11061897,4.58047882,2015,nigeria,0.868875558,0.749893953
1431,1431_ethiopia_2015,11.11361815,40.0172118,2015,ethiopia,-0.752487046,-0.765496139
1433,1433_ethiopia_2015,11.11560864,36.37634332,2015,ethiopia,-0.664855233,-0.736521777
1435,1435_nigeria_2015,11.14193204,8.81329489,2015,nigeria,0.879048358,0.979408199
1437,1437_ethiopia_2015,11.19134006,36.94969693,2015,ethiopia,-0.929760169,-0.924450306
1439,1439_ethiopia_2015,11.21400355,40.20559209,2015,ethiopia,-0.875196569,-0.875863407
1441,1441_ethiopia_2015,11.23857324,38.31134088,2015,ethiopia,-1.219619586,-1.217446019
1445,1445_nigeria_2015,11.26164798,8.373806958,2015,nigeria,0.911290172,0.728535684
1447,1447_ethiopia_2015,11.28282106,36.95968793,2015,ethiopia,-0.917379706,-0.909951241
1449,1449_nigeria_2015,11.28800189,5.919780872,2015,nigeria,0.455076208,0.455520694
1451,1451_nigeria_2015,11.29349369,4.78194366,2015,nigeria,-0.198888186,-0.212774468
1453,1453_nigeria_2015,11.30076074,7.393672396,2015,nigeria,1.304169301,1.390220463
1455,1455_nigeria_2015,11.30204266,5.508428437,2015,nigeria,1.37977211,1.357428888
1457,1457_nigeria_2015,11.30546567,7.733901562,2015,nigeria,1.429563128,1.324426896
1459,1459_nigeria_2015,11.3166837,10.46004369,2015,nigeria,0.926093003,0.9210981
1461,1461_ethiopia_2015,11.33232872,36.27201835,2015,ethiopia,-0.619073011,-0.633071764
1465,1465_ethiopia_2015,11.37447512,37.4523245,2015,ethiopia,-1.183624684,-1.187114354
1467,1467_nigeria_2015,11.38604172,6.352997965,2015,nigeria,0.773738774,0.595093408
1469,1469_nigeria_2015,11.39524546,9.474480233,2015,nigeria,0.846916529,0.834793384
1471,1471_ethiopia_2015,11.39627432,37.04261626,2015,ethiopia,-0.937023464,-0.941718707
1473,1473_nigeria_2015,11.41593418,7.264660045,2015,nigeria,0.308642709,0.378555249
1477,1477_nigeria_2015,11.4412624,9.47007917,2015,nigeria,1.231242263,1.210413961
1483,1483_nigeria_2015,11.50120744,10.76075618,2015,nigeria,0.966056535,0.958292324
1485,1485_nigeria_2015,11.50650353,7.435587014,2015,nigeria,0.820818927,0.811092418
1487,1487_ethiopia_2015,11.52232887,41.56929589,2015,ethiopia,-1.288973644,-1.281098918
1489,1489_nigeria_2015,11.52414851,8.632568284,2015,nigeria,1.226181669,1.206052339
1491,1491_ethiopia_2015,11.52780354,41.5207097,2015,ethiopia,-0.957164853,-0.957474697
1493,1493_ethiopia_2015,11.53111022,41.41418965,2015,ethiopia,-1.142401391,-1.138325311
1495,1495_nigeria_2015,11.54291551,9.257031437,2015,nigeria,1.154644463,0.948763968
1497,1497_nigeria_2015,11.54329842,8.560020893,2015,nigeria,0.617265496,0.633707436
1506,1506_nigeria_2015,11.60941842,7.561227657,2015,nigeria,0.867074805,0.743243144
1508,1508_nigeria_2015,11.61501991,4.541562966,2015,nigeria,0.630092568,0.622984248
1510,1510_ethiopia_2015,11.62845382,40.88256638,2015,ethiopia,-0.846483485,-0.861370479
1514,1514_ethiopia_2015,11.65147082,37.10328125,2015,ethiopia,-1.183823513,-1.184574658
1516,1516_ethiopia_2015,11.65491855,39.0357535,2015,ethiopia,-1.210073102,-1.206742605
1520,1520_ethiopia_2015,11.66920643,39.65660318,2015,ethiopia,-0.956459932,-0.952983281
1522,1522_ethiopia_2015,11.67419456,40.09553288,2015,ethiopia,-0.933345098,-0.931847005
1524,1524_ethiopia_2015,11.68907213,37.60745506,2015,ethiopia,-1.207024193,-1.205556129
1526,1526_ethiopia_2015,11.68953235,41.34812024,2015,ethiopia,-1.288224396,-1.277538971
1528,1528_nigeria_2015,11.75676505,11.97100328,2015,nigeria,0.949836149,1.193453153
1530,1530_ethiopia_2015,11.78694712,37.59080303,2015,ethiopia,0.200129565,0.171258181
1534,1534_nigeria_2015,11.80054798,10.19527728,2015,nigeria,0.787092513,0.777810503
1540,1540_ethiopia_2015,11.81399822,39.14040877,2015,ethiopia,-0.504776111,-0.52173927
1542,1542_ethiopia_2015,11.81764451,38.16022578,2015,ethiopia,-1.181043407,-1.177455472
1546,1546_nigeria_2015,11.83324276,13.10549828,2015,nigeria,1.085605329,1.074678155
1548,1548_nigeria_2015,11.84336281,7.071525426,2015,nigeria,0.599789641,0.5348407
1550,1550_nigeria_2015,11.84671093,3.665294445,2015,nigeria,1.010946133,0.991618024
1552,1552_nigeria_2015,11.84923439,9.464699239,2015,nigeria,0.386335041,0.372853922
1554,1554_nigeria_2015,11.85711963,9.970029195,2015,nigeria,1.651923361,1.631609148
1558,1558_nigeria_2015,11.87188827,6.030960111,2015,nigeria,0.888172929,0.995366409
1560,1560_nigeria_2015,11.87855764,8.447936988,2015,nigeria,0.757485772,0.657905017
1562,1562_ethiopia_2015,11.88587677,41.57381311,2015,ethiopia,-0.242926562,-0.267453055
1564,1564_nigeria_2015,11.89829006,8.490500385,2015,nigeria,0.955307744,0.949919454
1566,1566_nigeria_2015,11.89969104,8.601175694,2015,nigeria,0.5668054,0.478710993
1573,1573_ethiopia_2015,11.96252579,39.09815438,2015,ethiopia,-1.029780312,-1.025550354
1577,1577_nigeria_2015,11.98775608,8.529766607,2015,nigeria,1.796146095,1.916150289
1581,1581_ethiopia_2015,11.991804,39.78002165,2015,ethiopia,-1.166675413,-1.168011356
1583,1583_ethiopia_2015,12.00623591,39.60764761,2015,ethiopia,-0.31827729,-0.336563814
1585,1585_nigeria_2015,12.0379147,10.82399529,2015,nigeria,-0.388428356,-0.405396051
1587,1587_nigeria_2015,12.04793081,8.471457888,2015,nigeria,1.517015122,1.495930844
1591,1591_nigeria_2015,12.06916733,12.86671104,2015,nigeria,-0.345379257,-0.354686261
1593,1593_nigeria_2015,12.07951117,10.05550374,2015,nigeria,0.544472569,0.532948448
1597,1597_nigeria_2015,12.08161597,7.420994716,2015,nigeria,0.565506592,0.553685367
1599,1599_nigeria_2015,12.14116466,4.983890874,2015,nigeria,0.577755705,0.52389848
1601,1601_nigeria_2015,12.14677059,6.64603848,2015,nigeria,0.994463148,1.005009988
1605,1605_nigeria_2015,12.15387316,4.847447282,2015,nigeria,-0.149772786,-0.164243678
1607,1607_nigeria_2015,12.21576817,8.238842997,2015,nigeria,0.508621436,0.42675231
1609,1609_nigeria_2015,12.25280061,7.619141028,2015,nigeria,1.001677089,0.936350294
1611,1611_ethiopia_2015,12.25439031,38.65257488,2015,ethiopia,-1.317778228,-1.314067576
1613,1613_nigeria_2015,12.28499572,6.587076641,2015,nigeria,0.357787103,0.336672388
1623,1623_nigeria_2015,12.33708952,7.343690583,2015,nigeria,0.64507914,0.635622567
1625,1625_ethiopia_2015,12.33849626,37.67502096,2015,ethiopia,-1.200352951,-1.197043253
1627,1627_nigeria_2015,12.34167852,9.645713324,2015,nigeria,0.321312835,0.312761513
1629,1629_ethiopia_2015,12.35629673,38.45244162,2015,ethiopia,-1.317778228,-1.314067576
1631,1631_ethiopia_2015,12.39107035,35.93358943,2015,ethiopia,-0.94728911,-0.946963888
1633,1633_ethiopia_2015,12.39891257,39.08974669,2015,ethiopia,-1.298020806,-1.295027207
1635,1635_nigeria_2015,12.40021937,7.412420239,2015,nigeria,1.296587005,1.274686067
1637,1637_nigeria_2015,12.42046526,6.228652475,2015,nigeria,0.676466064,0.660350757
1641,1641_nigeria_2015,12.4380667,10.03228126,2015,nigeria,0.829321559,0.809198279
1643,1643_nigeria_2015,12.4454665,7.491147889,2015,nigeria,1.803087892,1.774554553
1645,1645_nigeria_2015,12.44979657,4.190278199,2015,nigeria,1.948442825,1.761093234
1649,1649_nigeria_2015,12.48424721,13.18246637,2015,nigeria,1.594616048,1.567530436
1653,1653_ethiopia_2015,12.5144435,38.82498408,2015,ethiopia,-1.141105053,-1.136109565
1655,1655_nigeria_2015,12.52351041,8.550163184,2015,nigeria,-0.47793827,-0.49164657
1657,1657_nigeria_2015,12.53603404,6.785463784,2015,nigeria,0.766989074,0.772149848
1661,1661_ethiopia_2015,12.55639224,37.31185851,2015,ethiopia,-0.4885648,-0.506585094
1665,1665_ethiopia_2015,12.62096623,39.42445202,2015,ethiopia,-0.829335247,-0.831742208
1673,1673_nigeria_2015,12.67180933,13.6307251,2015,nigeria,0.826561893,0.815809399
1675,1675_nigeria_2015,12.68232653,10.42347795,2015,nigeria,0.237017115,0.228430185
1677,1677_nigeria_2015,12.68384447,7.933248324,2015,nigeria,0.715093138,0.704315871
1681,1681_nigeria_2015,12.69864509,8.622387815,2015,nigeria,0.246879084,0.228045064
1683,1683_nigeria_2015,12.7060915,8.254312897,2015,nigeria,0.345800459,0.328905789
1685,1685_nigeria_2015,12.72136149,7.464850916,2015,nigeria,0.796199793,0.790950797
1687,1687_nigeria_2015,12.73398318,11.82172417,2015,nigeria,-0.570904071,-0.591337466
1689,1689_ethiopia_2015,12.75806399,38.99386998,2015,ethiopia,-1.010600836,-1.009305069
1691,1691_nigeria_2015,12.76624043,10.85617636,2015,nigeria,0.63347486,0.613264475
1693,1693_nigeria_2015,12.77141682,4.823851701,2015,nigeria,0.134231949,0.123287065
1695,1695_nigeria_2015,12.77941129,7.649771817,2015,nigeria,0.40942476,0.396866074
1703,1703_nigeria_2015,12.84184371,10.92689152,2015,nigeria,0.212532524,0.189154641
1705,1705_nigeria_2015,12.85699959,10.5657038,2015,nigeria,0.474337179,0.459987597
1707,1707_nigeria_2015,12.88602898,11.06133517,2015,nigeria,0.046627655,0.037808994
1711,1711_ethiopia_2015,12.91968964,37.03296942,2015,ethiopia,-0.347254613,-0.369606465
1713,1713_nigeria_2015,12.94408865,7.233315659,2015,nigeria,0.144225053,0.261357751
1715,1715_nigeria_2015,12.9638173,5.19881853,2015,nigeria,1.684010763,1.657153486
1719,1719_ethiopia_2015,13.01685124,39.36716362,2015,ethiopia,-1.071746154,-1.065898631
1721,1721_nigeria_2015,13.08133222,5.281113446,2015,nigeria,1.107173321,1.092503225
1725,1725_nigeria_2015,13.2028054,7.721468165,2015,nigeria,0.38056052,0.377509061
1729,1729_ethiopia_2015,13.23495773,39.16343926,2015,ethiopia,-1.003246583,-0.996550349
1731,1731_ethiopia_2015,13.28202402,39.44052038,2015,ethiopia,-0.878130554,-0.883709416
1733,1733_ethiopia_2015,13.28435567,39.5298316,2015,ethiopia,-0.013822788,-0.037579771
1737,1737_ethiopia_2015,13.37222744,37.78987363,2015,ethiopia,-1.228740591,-1.224977936
1739,1739_ethiopia_2015,13.47743904,37.12133784,2015,ethiopia,-0.681501512,-0.697884014
1741,1741_ethiopia_2015,13.5160575,37.62731556,2015,ethiopia,-0.82644539,-0.824221063
1747,1747_ethiopia_2015,13.6709933,37.40642565,2015,ethiopia,-0.835885435,-0.842830509
1751,1751_nigeria_2015,13.71424746,5.557552902,2015,nigeria,0.29560749,0.285474264
1755,1755_ethiopia_2015,13.78132656,38.98651184,2015,ethiopia,-1.143857795,-1.14318307
1757,1757_ethiopia_2015,13.80142655,39.61825297,2015,ethiopia,-0.612197312,-0.634100066
1763,1763_ethiopia_2015,13.87133877,38.6366907,2015,ethiopia,0.080409461,0.072480553
1769,1769_ethiopia_2015,13.98594694,38.64929902,2015,ethiopia,-0.913685694,-0.917288167
1771,1771_ethiopia_2015,14.08597732,38.97550771,2015,ethiopia,-0.859749859,-0.871012715
1773,1773_ethiopia_2015,14.08627602,37.98318654,2015,ethiopia,-1.233711756,-1.232152566
1775,1775_ethiopia_2015,14.08723507,37.50152638,2015,ethiopia,-1.030429326,-1.032079504
1777,1777_ethiopia_2015,14.10976082,38.47383505,2015,ethiopia,0.330076961,0.312552346
1779,1779_ethiopia_2015,14.15835664,39.22584745,2015,ethiopia,-0.82807943,-0.836105422
1781,1781_ethiopia_2015,14.18199149,36.47999309,2015,ethiopia,-0.541261265,-0.550418155
1783,1783_ethiopia_2015,14.25270653,39.6508902,2015,ethiopia,-0.645346755,-0.667001824
1789,1789_ethiopia_2015,14.30079595,39.05948926,2015,ethiopia,-1.008575694,-1.009936417
1791,1791_ethiopia_2015,14.31921747,39.27159926,2015,ethiopia,-0.464834031,-0.471117759
1793,1793_ethiopia_2015,14.35381619,37.89087631,2015,ethiopia,-0.765520065,-0.905624115
1795,1795_ethiopia_2015,14.45596159,39.47908237,2015,ethiopia,-0.324110055,-0.343386177
1798,1798_uganda_2013,2.117683887,32.53530121,2013,uganda,1.040226207,1.043250347
1804,1804_uganda_2013,2.311136007,32.98491287,2013,uganda,-0.36367178,-0.359705249
1807,1807_uganda_2013,2.316163063,32.94035339,2013,uganda,-0.193717453,-0.188148298
1810,1810_uganda_2013,2.356898069,31.41754532,2013,uganda,-0.548586858,-0.537386037
1813,1813_uganda_2013,2.357444048,34.58627701,2013,uganda,-0.878956184,-0.881175678
1819,1819_uganda_2013,2.494488001,31.09230995,2013,uganda,-0.323676019,-0.314883871
1822,1822_uganda_2013,2.505306005,32.38390732,2013,uganda,-0.371574472,-0.362753505
1828,1828_uganda_2013,2.581154108,34.57567596,2013,uganda,-1.317778228,-1.314067576
1834,1834_uganda_2013,2.761965036,32.33206177,2013,uganda,-0.266154938,-0.257337178
1837,1837_uganda_2013,2.769515038,32.29513931,2013,uganda,0.235398181,0.238748938
1840,1840_uganda_2013,2.788371086,30.90916824,2013,uganda,-0.059568203,-0.052946775
1846,1846_uganda_2013,2.875721931,32.37755966,2013,uganda,-0.982851258,-0.974690992
1849,1849_uganda_2013,2.980753899,32.31184387,2013,uganda,-0.956656514,-0.950534389
1852,1852_uganda_2013,3.013900042,31.34415054,2013,uganda,-0.705796016,-0.693072815
1858,1858_uganda_2013,3.038331985,34.14702225,2013,uganda,-1.145502646,-1.144258698
1863,1863_uganda_2013,3.086549044,34.13765335,2013,uganda,-0.897445868,-0.904492525
1866,1866_uganda_2013,3.092293024,30.88910294,2013,uganda,-0.606265332,-0.596066159
1869,1869_uganda_2013,3.251353979,31.4043541,2013,uganda,-0.671399412,-0.668306952
1872,1872_uganda_2013,3.281497002,31.56413269,2013,uganda,-0.363032913,-0.357172959
1875,1875_uganda_2013,3.309156895,32.87386703,2013,uganda,0.367613632,0.367083339
1878,1878_uganda_2013,3.322916985,33.00099182,2013,uganda,-0.580365767,-0.564342028
1881,1881_uganda_2013,3.364753962,33.06035233,2013,uganda,-0.496299296,-0.482427018
1889,1889_uganda_2013,3.525069952,31.71350479,2013,uganda,-0.704245189,-0.694733141
1891,1891_ethiopia_2015,3.549937261,39.18423403,2015,ethiopia,-0.718064268,-0.730213476
1894,1894_uganda_2013,3.574261904,31.13248634,2013,uganda,-0.786992998,-0.784929152
1897,1897_uganda_2013,3.590472937,31.72568321,2013,uganda,0.276580238,0.29409386
1900,1900_uganda_2013,3.69256711,31.73166656,2013,uganda,1.54736324,1.526651992
1902,1902_ethiopia_2015,3.86424298,39.10136581,2015,ethiopia,-0.777433248,-0.790560228
1904,1904_ethiopia_2015,3.982931164,38.49136789,2015,ethiopia,-1.363728922,-1.354424209
1907,1907_ethiopia_2015,4.28184427,41.8750755,2015,ethiopia,-0.72861132,-0.746968401
1909,1909_nigeria_2015,4.328719141,6.308171869,2015,nigeria,0.957171896,0.952659626
1915,1915_nigeria_2015,4.663797081,7.332364553,2015,nigeria,0.670247249,0.653309277
1919,1919_nigeria_2015,4.707281408,6.088102791,2015,nigeria,1.633444537,1.627555847
1921,1921_nigeria_2015,4.743755358,6.777099856,2015,nigeria,1.257803329,1.26286127
1925,1925_nigeria_2015,4.753943541,6.728837003,2015,nigeria,1.155594809,1.14445627
1933,1933_ethiopia_2015,4.767688867,39.2697492,2015,ethiopia,-0.98345759,-0.982076271
1935,1935_nigeria_2015,4.775896523,6.839586726,2015,nigeria,1.65095949,1.624549775
1943,1943_ethiopia_2015,4.807097603,36.08183986,2015,ethiopia,-0.578869304,-0.584339918
1951,1951_nigeria_2015,4.828220943,6.655658335,2015,nigeria,1.436919873,1.419082111
1955,1955_nigeria_2015,4.849916652,7.371449068,2015,nigeria,1.983361493,1.962891094
1959,1959_nigeria_2015,4.864651035,7.849949242,2015,nigeria,1.855963616,1.827909623
1961,1961_nigeria_2015,4.876190451,6.831237964,2015,nigeria,1.62411428,1.604112718
1965,1965_nigeria_2015,4.921115249,8.026852208,2015,nigeria,1.65721692,1.63749672
1967,1967_nigeria_2015,4.934476217,7.967329081,2015,nigeria,1.141421851,1.125674599
1969,1969_nigeria_2015,4.937115933,6.364226669,2015,nigeria,1.312852397,1.304247534
1973,1973_nigeria_2015,4.964253377,5.771543828,2015,nigeria,0.493097975,0.492358642
1975,1975_nigeria_2015,4.964662866,7.804704247,2015,nigeria,1.644621541,1.618807364
1977,1977_nigeria_2015,5.011590473,7.949626414,2015,nigeria,2.297013534,2.262240171
1979,1979_nigeria_2015,5.014171844,6.544749986,2015,nigeria,1.208847274,1.183275509
1981,1981_nigeria_2015,5.050739112,8.339414104,2015,nigeria,1.334753378,1.38443707
1985,1985_nigeria_2015,5.056465718,7.918623245,2015,nigeria,1.448543143,1.43082745
1989,1989_nigeria_2015,5.080149721,6.816851341,2015,nigeria,1.874949064,1.847955054
1995,1995_nigeria_2015,5.107489918,8.182432777,2015,nigeria,0.330535953,0.243240967
1999,1999_nigeria_2015,5.141570142,6.07837595,2015,nigeria,1.175096016,1.168419372
2008,2008_ethiopia_2015,5.222997986,41.04320559,2015,ethiopia,-1.104618392,-1.098784597
2010,2010_ethiopia_2015,5.252955132,37.42717683,2015,ethiopia,-1.151308163,-1.145829432
2012,2012_nigeria_2015,5.256258659,6.619414041,2015,nigeria,1.411364628,1.384951357
2014,2014_nigeria_2015,5.269591304,6.30405776,2015,nigeria,0.508846101,0.493001326
2016,2016_nigeria_2015,5.276399221,7.721572003,2015,nigeria,1.563209642,1.537648409
2018,2018_nigeria_2015,5.287956848,6.993968872,2015,nigeria,1.530088085,1.505854828
2020,2020_ethiopia_2015,5.299477266,37.48261829,2015,ethiopia,-1.134009193,-1.12969011
2022,2022_nigeria_2015,5.315248341,7.433434646,2015,nigeria,1.190427396,1.176179466
2024,2024_nigeria_2015,5.325696028,6.896721611,2015,nigeria,0.524457042,0.517085192
2026,2026_nigeria_2015,5.350865686,7.401889167,2015,nigeria,0.975203102,0.960836163
2028,2028_nigeria_2015,5.375435712,7.08733205,2015,nigeria,1.442361475,1.415669665
2030,2030_nigeria_2015,5.38520298,7.527887044,2015,nigeria,1.249608777,1.233812857
2034,2034_nigeria_2015,5.443157064,7.052537541,2015,nigeria,1.832890951,1.809723384
2038,2038_nigeria_2015,5.493037238,6.220869154,2015,nigeria,1.460610533,1.44101675
2040,2040_ethiopia_2015,5.495344888,37.55184293,2015,ethiopia,-1.0288936,-1.025598399
2046,2046_nigeria_2015,5.516103895,5.708096009,2015,nigeria,1.581455129,1.566657144
2050,2050_ethiopia_2015,5.525706153,38.7620667,2015,ethiopia,-1.084852681,-1.075727037
2052,2052_nigeria_2015,5.535455944,7.531535602,2015,nigeria,2.422773714,2.390040683
2054,2054_nigeria_2015,5.542430586,7.188497157,2015,nigeria,1.59899011,1.583269837
2056,2056_nigeria_2015,5.547115011,5.816892929,2015,nigeria,1.454181381,1.378524523
2058,2058_ethiopia_2015,5.554166834,37.84165133,2015,ethiopia,-0.653797761,-0.66251545
2060,2060_nigeria_2015,5.555554068,7.611029751,2015,nigeria,1.78607699,1.757940352
2062,2062_nigeria_2015,5.562206552,7.340724782,2015,nigeria,1.623485357,1.597731484
2064,2064_nigeria_2015,5.59093085,7.368130005,2015,nigeria,1.778583824,1.753829829
2066,2066_ethiopia_2015,5.595682616,38.29361924,2015,ethiopia,-0.986549269,-0.978464159
2068,2068_ethiopia_2015,5.603155245,37.60306341,2015,ethiopia,-0.768788744,-0.769625325
2072,2072_ethiopia_2015,5.639283931,37.38231696,2015,ethiopia,-1.011198235,-0.996056957
2076,2076_nigeria_2015,5.65672719,7.322753264,2015,nigeria,1.089953539,1.076847705
2078,2078_nigeria_2015,5.664888377,7.041329948,2015,nigeria,1.902272973,2.126341158
2080,2080_nigeria_2015,5.679435964,7.08250262,2015,nigeria,0.861631846,0.825549281
2084,2084_nigeria_2015,5.69861467,7.519499328,2015,nigeria,1.191828565,1.178163133
2088,2088_nigeria_2015,5.74631427,6.98741725,2015,nigeria,0.867018111,0.774504059
2092,2092_nigeria_2015,5.750045015,6.000578748,2015,nigeria,1.312898598,1.29950915
2094,2094_nigeria_2015,5.771211665,7.776873136,2015,nigeria,1.56575167,1.553289452
2096,2096_nigeria_2015,5.788823251,6.913996127,2015,nigeria,1.429436249,1.547750732
2098,2098_nigeria_2015,5.817367247,8.088497902,2015,nigeria,1.457452256,1.438505001
2100,2100_nigeria_2015,5.824980982,6.8672422,2015,nigeria,1.313382096,1.296065028
2104,2104_ethiopia_2015,5.836339413,36.60703021,2015,ethiopia,-0.869995738,-0.86963982
2106,2106_nigeria_2015,5.83737244,7.152818679,2015,nigeria,1.154481035,1.135528495
2110,2110_nigeria_2015,5.870507661,6.897680442,2015,nigeria,1.412960995,1.394021744
2114,2114_nigeria_2015,5.91776306,7.087374207,2015,nigeria,1.298642094,1.280257884
2116,2116_nigeria_2015,5.918928325,7.422498457,2015,nigeria,1.095672281,1.088025513
2122,2122_nigeria_2015,5.924337243,6.990141194,2015,nigeria,1.15864322,1.139723804
2126,2126_ethiopia_2015,5.945254078,38.32251084,2015,ethiopia,0.193475926,0.165575108
2128,2128_nigeria_2015,5.94843768,8.912093874,2015,nigeria,0.538543332,0.546386861
2130,2130_ethiopia_2015,5.949890886,37.15523242,2015,ethiopia,-1.192347979,-1.185336789
2136,2136_nigeria_2015,5.984667689,6.90304611,2015,nigeria,1.478577932,1.464356223
2140,2140_ethiopia_2015,5.988170826,37.43878633,2015,ethiopia,-1.063853499,-1.056959958
2142,2142_nigeria_2015,6.00420085,7.057121665,2015,nigeria,1.786264227,1.77003361
2144,2144_nigeria_2015,6.015842294,4.882543216,2015,nigeria,1.396632082,1.381000776
2146,2146_ethiopia_2015,6.02435785,38.34136166,2015,ethiopia,-1.133090383,-1.129565325
2148,2148_nigeria_2015,6.025578458,7.028514644,2015,nigeria,1.417621301,1.40512182
2152,2152_nigeria_2015,6.098419372,7.806014882,2015,nigeria,0.680129102,0.667828963
2160,2160_nigeria_2015,6.115542859,6.176619068,2015,nigeria,1.22260532,1.210760393
2162,2162_nigeria_2015,6.124535967,6.949624161,2015,nigeria,1.126115578,1.113336712
2164,2164_nigeria_2015,6.127198278,6.194916905,2015,nigeria,1.389412236,1.369521263
2166,2166_nigeria_2015,6.128524419,6.77187515,2015,nigeria,1.299993183,1.289547415
2168,2168_nigeria_2015,6.130809458,6.952685896,2015,nigeria,1.526116954,1.509711586
2170,2170_nigeria_2015,6.135087308,6.27951538,2015,nigeria,0.624166233,0.621860011
2172,2172_nigeria_2015,6.135722976,8.190443762,2015,nigeria,0.290832887,0.278856502
2174,2174_ethiopia_2015,6.136308686,36.67597635,2015,ethiopia,-1.119931792,-1.10857278
2176,2176_nigeria_2015,6.138309216,6.793092605,2015,nigeria,1.769320329,1.748838556
2180,2180_nigeria_2015,6.15062167,7.94504083,2015,nigeria,0.123930491,0.114018808
2182,2182_nigeria_2015,6.158491156,8.366493959,2015,nigeria,0.093627915,0.079746866
2184,2184_nigeria_2015,6.167790291,7.006689041,2015,nigeria,1.768949825,1.747136317
2186,2186_nigeria_2015,6.191554972,5.0614563,2015,nigeria,0.354617879,0.349774875
2188,2188_nigeria_2015,6.219697749,4.658013638,2015,nigeria,0.894583733,0.889115403
2192,2192_nigeria_2015,6.241537588,6.936828452,2015,nigeria,1.587363011,1.572506325
2194,2194_nigeria_2015,6.243189975,7.617181583,2015,nigeria,0.373342879,0.369304179
2196,2196_ethiopia_2015,6.260067748,35.2645548,2015,ethiopia,-1.170756014,-1.164449386
2200,2200_ethiopia_2015,6.277611866,38.31152152,2015,ethiopia,-1.210075312,-1.205400693
2202,2202_nigeria_2015,6.285245051,7.31597545,2015,nigeria,1.112578658,1.009764881
2204,2204_ethiopia_2015,6.291096872,37.4818443,2015,ethiopia,-0.100759579,-0.122155034
2208,2208_nigeria_2015,6.294877011,7.064168813,2015,nigeria,1.604842754,1.583016342
2210,2210_nigeria_2015,6.307072998,6.970175059,2015,nigeria,1.125304212,1.113491996
2212,2212_nigeria_2015,6.309952781,5.698528728,2015,nigeria,1.867411106,1.838731022
2214,2214_nigeria_2015,6.313164403,6.965161163,2015,nigeria,1.391504509,1.374841978
2220,2220_nigeria_2015,6.328517698,7.923226179,2015,nigeria,0.650711536,0.640481043
2222,2222_ethiopia_2015,6.333010356,36.60326853,2015,ethiopia,-0.937774587,-0.935467751
2226,2226_nigeria_2015,6.354014989,6.838254616,2015,nigeria,1.261774051,1.251338153
2228,2228_nigeria_2015,6.356713577,5.634779198,2015,nigeria,1.446626179,1.431371641
2230,2230_ethiopia_2015,6.363915142,36.58921684,2015,ethiopia,-1.007757841,-0.999251401
2232,2232_nigeria_2015,6.366917857,7.224495174,2015,nigeria,0.762296207,0.749200478
2238,2238_nigeria_2015,6.380630103,5.584611449,2015,nigeria,1.394350558,1.377220984
2240,2240_nigeria_2015,6.397515453,8.383412214,2015,nigeria,0.751126982,0.860746074
2244,2244_ethiopia_2015,6.398983378,38.87689809,2015,ethiopia,-0.920536663,-0.915587224
2246,2246_ethiopia_2015,6.401238098,38.34460126,2015,ethiopia,-0.091895825,-0.11061739
2248,2248_nigeria_2015,6.432679602,6.197258817,2015,nigeria,1.587992596,1.560897243
2250,2250_nigeria_2015,6.443056049,6.583244779,2015,nigeria,1.651245062,1.62651042
2252,2252_ethiopia_2015,6.449627962,38.31968286,2015,ethiopia,-1.021216456,-1.015086308
2256,2256_nigeria_2015,6.455502124,7.479058871,2015,nigeria,1.278204114,1.257880755
2260,2260_nigeria_2015,6.45646509,7.925483999,2015,nigeria,0.673787731,0.663074743
2262,2262_nigeria_2015,6.470416675,7.487631017,2015,nigeria,2.565660148,2.523511832
2264,2264_nigeria_2015,6.476694216,3.350820502,2015,nigeria,0.909977116,0.809591904
2266,2266_nigeria_2015,6.479426838,7.768324532,2015,nigeria,0.879815491,0.866645567
2268,2268_nigeria_2015,6.486759166,9.157917127,2015,nigeria,1.486005956,1.461720929
2270,2270_nigeria_2015,6.492962289,3.318859874,2015,nigeria,1.081706317,0.894397624
2272,2272_nigeria_2015,6.494053516,4.741131152,2015,nigeria,1.283828748,1.432245227
2274,2274_nigeria_2015,6.496780357,3.316372636,2015,nigeria,1.168346873,1.16440303
2276,2276_nigeria_2015,6.498377508,3.389049712,2015,nigeria,1.404591823,1.421042425
2278,2278_nigeria_2015,6.500385342,9.146471057,2015,nigeria,0.923347712,0.919758936
2282,2282_nigeria_2015,6.50189425,3.241175645,2015,nigeria,1.476469924,1.458704953
2284,2284_nigeria_2015,6.505798408,8.870162017,2015,nigeria,1.964045246,1.927981359
2288,2288_nigeria_2015,6.516336808,5.672829527,2015,nigeria,0.920928025,0.895601736
2290,2290_nigeria_2015,6.534334391,3.387570297,2015,nigeria,1.541217809,1.519950598
2292,2292_nigeria_2015,6.553321767,7.029060007,2015,nigeria,0.934545124,0.914525527
2298,2298_nigeria_2015,6.601063745,3.307929726,2015,nigeria,1.259657156,1.247886067
2300,2300_nigeria_2015,6.603850965,3.496022276,2015,nigeria,1.165213307,1.135129883
2302,2302_ethiopia_2015,6.616996491,37.48462554,2015,ethiopia,-0.974582678,-1.021506769
2306,2306_ethiopia_2015,6.630950011,36.7852027,2015,ethiopia,-1.066322304,-1.060392639
2308,2308_nigeria_2015,6.645306448,3.305608568,2015,nigeria,1.724519684,1.909640716
2310,2310_nigeria_2015,6.653301817,3.268935653,2015,nigeria,1.509607545,1.534822938
2312,2312_nigeria_2015,6.654132383,3.837581509,2015,nigeria,1.074645077,1.048550845
2314,2314_ethiopia_2015,6.655806763,38.3245738,2015,ethiopia,-0.98016414,-0.976009249
2316,2316_nigeria_2015,6.656619404,8.200038787,2015,nigeria,0.290483068,0.101978106
2318,2318_nigeria_2015,6.657263278,6.262003916,2015,nigeria,1.016310716,1.000822924
2320,2320_nigeria_2015,6.66794394,3.322786302,2015,nigeria,1.336102505,1.316288446
2322,2322_nigeria_2015,6.682393508,7.298519541,2015,nigeria,0.318360293,0.31839621
2324,2324_nigeria_2015,6.690622785,3.293774849,2015,nigeria,1.439081385,1.416958762
2328,2328_nigeria_2015,6.691181257,8.135102524,2015,nigeria,-0.082806065,-0.08836488
2336,2336_nigeria_2015,6.707730002,3.242202481,2015,nigeria,1.159990752,1.144093914
2338,2338_nigeria_2015,6.716282349,8.947614883,2015,nigeria,1.525269425,1.498549581
2340,2340_nigeria_2015,6.76793732,7.648158669,2015,nigeria,1.420493338,1.394959462
2342,2342_ethiopia_2015,6.78301859,37.55098125,2015,ethiopia,-1.0235078,-0.699531958
2344,2344_nigeria_2015,6.785808762,7.452649007,2015,nigeria,0.954603881,0.938466209
2346,2346_nigeria_2015,6.790275911,4.488175467,2015,nigeria,0.410041374,0.400331414
2348,2348_nigeria_2015,6.790471098,8.213319325,2015,nigeria,0.610989302,0.65807771
2350,2350_nigeria_2015,6.80038984,8.927030391,2015,nigeria,0.210327387,0.116426285
2354,2354_ethiopia_2015,6.804929583,35.86461462,2015,ethiopia,-0.889298041,-0.889606538
2358,2358_nigeria_2015,6.81385092,3.921678268,2015,nigeria,1.603878649,1.577152399
2360,2360_nigeria_2015,6.827429632,7.448002311,2015,nigeria,1.177760694,1.158789635
2362,2362_nigeria_2015,6.850522002,8.445167566,2015,nigeria,0.550672876,0.548045814
2364,2364_ethiopia_2015,6.888721006,37.95225183,2015,ethiopia,-0.194455925,-0.213925697
2368,2368_ethiopia_2015,6.902101166,37.73487622,2015,ethiopia,-0.879103281,-0.881496027
2370,2370_ethiopia_2015,6.911568,38.4817078,2015,ethiopia,-0.383750922,-0.376490422
2372,2372_ethiopia_2015,6.914113436,35.63032155,2015,ethiopia,-1.113667814,-1.107832515
2374,2374_nigeria_2015,6.921891645,7.390880776,2015,nigeria,0.845500277,0.833809824
2376,2376_ethiopia_2015,6.924950093,38.35596811,2015,ethiopia,0.168616681,0.151784776
2378,2378_nigeria_2015,6.926596723,7.532731812,2015,nigeria,1.547999912,1.53131576
2384,2384_ethiopia_2015,6.943021503,37.29501671,2015,ethiopia,-0.942891127,-0.945120967
2386,2386_nigeria_2015,6.94607655,3.916489647,2015,nigeria,1.042423347,1.027050482
2388,2388_ethiopia_2015,6.94902911,35.77202181,2015,ethiopia,-0.181836891,-0.195139383
2390,2390_nigeria_2015,6.949780536,7.47854578,2015,nigeria,1.111411895,1.094383482
2392,2392_ethiopia_2015,6.949926047,37.88649405,2015,ethiopia,-0.892152659,-0.897335301
2396,2396_ethiopia_2015,6.983597962,40.35227632,2015,ethiopia,-0.527700312,-0.534963025
2398,2398_ethiopia_2015,6.985894101,36.42552032,2015,ethiopia,-1.099996232,-1.091464063
2400,2400_nigeria_2015,6.989250084,7.44972718,2015,nigeria,0.721515435,0.676538083
2402,2402_ethiopia_2015,7.00349014,39.16244639,2015,ethiopia,-0.851332288,-0.859186371
2404,2404_nigeria_2015,7.008871666,3.804616435,2015,nigeria,1.041707457,1.015579607
2410,2410_nigeria_2015,7.025362343,4.659175977,2015,nigeria,0.937799438,0.922990444
2412,2412_ethiopia_2015,7.036077013,37.30927907,2015,ethiopia,-0.934963104,-0.924976497
2414,2414_nigeria_2015,7.038187881,6.065811643,2015,nigeria,0.669059151,0.642375272
2416,2416_ethiopia_2015,7.058704343,37.17576863,2015,ethiopia,0.122248975,0.095219426
2418,2418_ethiopia_2015,7.095174841,36.65530174,2015,ethiopia,-1.068112466,-1.062238568
2420,2420_ethiopia_2015,7.09924325,37.12825702,2015,ethiopia,-1.148829031,-1.141898018
2424,2424_nigeria_2015,7.111201443,7.742460207,2015,nigeria,0.743434068,0.723417884
2428,2428_nigeria_2015,7.132533773,8.899284298,2015,nigeria,0.428527473,0.421384091
2432,2432_ethiopia_2015,7.146378601,36.89713974,2015,ethiopia,-1.017235579,-1.009348763
2434,2434_ethiopia_2015,7.159749682,36.83604154,2015,ethiopia,-1.045477619,-1.037463698
2436,2436_ethiopia_2015,7.164329728,39.82037105,2015,ethiopia,-0.811150108,-0.816140161
2438,2438_nigeria_2015,7.170490544,3.335256245,2015,nigeria,1.642306277,1.698336568
2442,2442_nigeria_2015,7.181534776,8.123883258,2015,nigeria,1.263410616,1.223323626
2444,2444_nigeria_2015,7.184992371,9.059833896,2015,nigeria,0.858480561,0.835741828
2448,2448_nigeria_2015,7.20955173,3.019482503,2015,nigeria,0.372189305,0.369997614
2454,2454_ethiopia_2015,7.226046683,35.29447127,2015,ethiopia,-0.806410018,-0.809094759
2456,2456_nigeria_2015,7.238910623,7.236591972,2015,nigeria,0.600922741,0.580647404
2458,2458_nigeria_2015,7.244896091,4.831668216,2015,nigeria,0.150551439,0.142187455
2460,2460_nigeria_2015,7.24953956,10.16212594,2015,nigeria,0.205001029,0.198612244
2468,2468_nigeria_2015,7.264140924,9.919658635,2015,nigeria,0.559699689,0.555699474
2474,2474_ethiopia_2015,7.274426293,35.25633798,2015,ethiopia,-0.740398107,-0.712656085
2476,2476_ethiopia_2015,7.275568594,35.37612229,2015,ethiopia,-0.279854553,-0.297056814
2478,2478_ethiopia_2015,7.276738375,38.11573828,2015,ethiopia,-1.019972529,-1.022158261
2480,2480_nigeria_2015,7.277505437,6.275293605,2015,nigeria,1.292696222,1.184364601
2482,2482_ethiopia_2015,7.283745226,37.75714818,2015,ethiopia,-1.042946752,-1.037535518
2490,2490_nigeria_2015,7.310150348,9.822582976,2015,nigeria,1.390551079,1.342874909
2492,2492_ethiopia_2015,7.313181835,36.59519051,2015,ethiopia,-1.048600189,-1.04358822
2494,2494_nigeria_2015,7.318043441,3.895131034,2015,nigeria,1.51675444,1.506999481
2496,2496_ethiopia_2015,7.349187919,38.80493401,2015,ethiopia,-1.008177359,-1.011153855
2498,2498_nigeria_2015,7.358089949,3.916230486,2015,nigeria,1.318769383,1.317509733
2502,2502_nigeria_2015,7.358931819,4.395022499,2015,nigeria,0.36500304,0.349052494
2504,2504_nigeria_2015,7.372005209,3.917703057,2015,nigeria,0.982580894,0.977241972
2510,2510_nigeria_2015,7.377868174,4.183055131,2015,nigeria,1.29927567,1.282036925
2512,2512_nigeria_2015,7.379461165,4.172707747,2015,nigeria,1.149194502,1.016482419
2514,2514_ethiopia_2015,7.381602828,37.60339858,2015,ethiopia,-1.134797022,-1.131601132
2518,2518_nigeria_2015,7.396489505,3.981822827,2015,nigeria,1.836070957,1.81722113
2520,2520_nigeria_2015,7.399178711,3.91948742,2015,nigeria,1.029488793,0.999156038
2522,2522_ethiopia_2015,7.405683442,38.08107539,2015,ethiopia,-1.085199064,-1.082880679
2524,2524_nigeria_2015,7.425423113,4.552134006,2015,nigeria,-0.048565469,-0.064826667
2526,2526_ethiopia_2015,7.428430605,38.95738693,2015,ethiopia,-1.15180238,-1.145795559
2530,2530_ethiopia_2015,7.436674937,41.00056299,2015,ethiopia,-1.128518486,-1.126707237
2534,2534_ethiopia_2015,7.448677191,35.8680745,2015,ethiopia,-0.968340653,-0.971345367
2538,2538_nigeria_2015,7.464856327,5.42939074,2015,nigeria,1.412879994,1.385049882
2544,2544_nigeria_2015,7.478473572,5.738635592,2015,nigeria,0.951483551,0.943801645
2548,2548_nigeria_2015,7.496002993,5.225057046,2015,nigeria,1.218784821,1.221404346
2550,2550_nigeria_2015,7.497393727,4.537697349,2015,nigeria,1.522794539,1.505647761
2552,2552_ethiopia_2015,7.513260457,37.64613784,2015,ethiopia,-1.138639022,-1.132720642
2556,2556_nigeria_2015,7.523507679,8.465678231,2015,nigeria,-0.308427364,-0.325008006
2562,2562_nigeria_2015,7.54357283,7.61435948,2015,nigeria,0.811340831,0.796933997
2568,2568_nigeria_2015,7.583729056,6.181607269,2015,nigeria,0.897639118,0.883849421
2570,2570_nigeria_2015,7.586397728,3.563824,2015,nigeria,0.662266997,0.648577129
2578,2578_nigeria_2015,7.61626985,5.205151207,2015,nigeria,1.752676557,1.621833782
2580,2580_nigeria_2015,7.622063628,5.377639592,2015,nigeria,1.503247239,1.493373902
2582,2582_nigeria_2015,7.628427572,5.739934342,2015,nigeria,1.262476202,1.243593502
2584,2584_nigeria_2015,7.63424971,4.254446895,2015,nigeria,0.834361925,0.81703079
2586,2586_nigeria_2015,7.636333081,4.788572904,2015,nigeria,1.644171476,1.622555994
2588,2588_ethiopia_2015,7.646913111,34.25628392,2015,ethiopia,0.58646032,0.547842203
2590,2590_nigeria_2015,7.655364207,7.282270866,2015,nigeria,0.851148653,0.845166324
2594,2594_ethiopia_2015,7.669123762,36.92553529,2015,ethiopia,-0.794776142,-0.792657201
2600,2600_ethiopia_2015,7.705384662,37.65053896,2015,ethiopia,-1.1462284,-1.140045358
2602,2602_nigeria_2015,7.722999629,5.723021362,2015,nigeria,1.291482023,1.270195702
2604,2604_ethiopia_2015,7.731695989,37.4985838,2015,ethiopia,-0.977478101,-0.969752681
2606,2606_nigeria_2015,7.735205142,8.477535188,2015,nigeria,0.841904866,0.827789357
2608,2608_nigeria_2015,7.743730298,10.06754099,2015,nigeria,1.160053443,1.148821457
2610,2610_nigeria_2015,7.752683349,4.554025176,2015,nigeria,0.87092352,0.851830955
2612,2612_nigeria_2015,7.756345694,4.549481695,2015,nigeria,1.123199021,1.108364666
2618,2618_nigeria_2015,7.77312939,4.785982933,2015,nigeria,1.402470438,1.292035189
2623,2623_ethiopia_2015,7.793499048,38.25056018,2015,ethiopia,-0.204500199,-0.225975916
2625,2625_nigeria_2015,7.797379889,4.778802873,2015,nigeria,1.433558193,1.401563639
2627,2627_ethiopia_2015,7.819911424,37.8285975,2015,ethiopia,-1.032578561,-1.017469219
2631,2631_ethiopia_2015,7.83013692,34.50805415,2015,ethiopia,-1.303331876,-1.300481837
2635,2635_nigeria_2015,7.846303009,4.522266168,2015,nigeria,0.693984785,0.681848043
2637,2637_nigeria_2015,7.863209588,3.919137214,2015,nigeria,1.09505508,1.082106
2639,2639_nigeria_2015,7.876233665,4.133592343,2015,nigeria,0.544659873,0.522015932
2641,2641_ethiopia_2015,7.880058626,36.09832506,2015,ethiopia,-0.24744852,-0.264898285
2645,2645_ethiopia_2015,7.889125501,37.54565914,2015,ethiopia,-1.023111502,-1.015430035
2649,2649_nigeria_2015,7.917244658,5.772112519,2015,nigeria,1.02641679,1.004573293
2653,2653_nigeria_2015,7.947947948,7.849600633,2015,nigeria,0.625295412,0.591729279
2655,2655_nigeria_2015,7.957732683,3.150730587,2015,nigeria,-0.19641744,-0.203534206
2659,2659_nigeria_2015,7.980610209,5.986960961,2015,nigeria,1.402186464,1.385661383
2661,2661_nigeria_2015,7.981532872,3.593477179,2015,nigeria,0.65777821,0.576389795
2665,2665_ethiopia_2015,8.006711931,34.55663419,2015,ethiopia,-0.286942267,-0.296815021
2667,2667_nigeria_2015,8.04197425,5.041212032,2015,nigeria,1.698376903,1.671291406
2669,2669_ethiopia_2015,8.07578959,38.43959692,2015,ethiopia,-0.897593747,-0.895704492
2671,2671_nigeria_2015,8.085203311,6.797468076,2015,nigeria,1.175931137,1.155361195
2673,2673_ethiopia_2015,8.088422991,39.0349252,2015,ethiopia,-1.079826223,-1.079221013
2675,2675_ethiopia_2015,8.093827612,36.45746096,2015,ethiopia,0.183589915,0.16692391
2677,2677_nigeria_2015,8.101386183,5.24942505,2015,nigeria,1.497515476,1.388289187
2679,2679_ethiopia_2015,8.113326532,38.77530457,2015,ethiopia,-0.816938728,-0.82038487
2683,2683_nigeria_2015,8.129995903,4.395985823,2015,nigeria,-0.088978462,-0.100572681
2685,2685_ethiopia_2015,8.133278908,38.20867305,2015,ethiopia,-1.032580587,-1.026001705
2689,2689_nigeria_2015,8.166549352,4.983596057,2015,nigeria,0.179910542,-0.13203258
2691,2691_ethiopia_2015,8.168631995,38.64645288,2015,ethiopia,-0.834486267,-0.838498224
2693,2693_ethiopia_2015,8.169798247,35.64063213,2015,ethiopia,-0.805987733,-0.807076379
2695,2695_nigeria_2015,8.171908749,6.918004451,2015,nigeria,0.984856924,0.964050233
2697,2697_ethiopia_2015,8.179496642,37.92721782,2015,ethiopia,-0.480199098,-0.498106741
2699,2699_nigeria_2015,8.184429156,4.733938104,2015,nigeria,1.340591893,1.22868308
2703,2703_ethiopia_2015,8.197269947,34.20166172,2015,ethiopia,-1.030856943,-1.038791908
2705,2705_ethiopia_2015,8.204299436,37.79313473,2015,ethiopia,0.480083289,0.449952996
2709,2709_nigeria_2015,8.288196973,10.5672373,2015,nigeria,0.644688367,0.642112106
2711,2711_nigeria_2015,8.302669632,12.0444337,2015,nigeria,0.348972041,0.336926633
2713,2713_nigeria_2015,8.308512542,9.008096274,2015,nigeria,1.592159118,1.565771713
2715,2715_nigeria_2015,8.32841838,3.561254624,2015,nigeria,0.488195854,0.47936951
2719,2719_ethiopia_2015,8.400070795,33.93850885,2015,ethiopia,-1.317778228,-1.314067576
2721,2721_nigeria_2015,8.430751266,4.573970472,2015,nigeria,1.513792604,1.482593448
2723,2723_ethiopia_2015,8.466463031,37.43692145,2015,ethiopia,-0.643038551,-0.646850134
2725,2725_nigeria_2015,8.479323455,8.516336764,2015,nigeria,1.166635796,1.081517802
2727,2727_nigeria_2015,8.487099248,4.555361253,2015,nigeria,1.58035051,1.55413974
2735,2735_nigeria_2015,8.526887444,7.551237638,2015,nigeria,0.632995091,0.598942702
2739,2739_nigeria_2015,8.612569151,8.116395796,2015,nigeria,0.096125681,0.090553688
2741,2741_ethiopia_2015,8.614920788,34.65143633,2015,ethiopia,-0.756191284,-0.755073935
2743,2743_nigeria_2015,8.621818791,10.8149501,2015,nigeria,0.112549428,0.082094157
2745,2745_ethiopia_2015,8.636101041,38.15193503,2015,ethiopia,-1.096747682,-1.101055324
2749,2749_ethiopia_2015,8.652308647,40.61784994,2015,ethiopia,-0.618275073,-0.631784642
2751,2751_ethiopia_2015,8.653678083,36.60774749,2015,ethiopia,-0.913698846,-0.914551347
2755,2755_ethiopia_2015,8.661615558,35.64269762,2015,ethiopia,-0.950501506,-0.941286545
2761,2761_ethiopia_2015,8.720428404,37.91145682,2015,ethiopia,-0.465403545,-0.481811591
2763,2763_ethiopia_2015,8.727178983,39.18769981,2015,ethiopia,-0.959469912,-0.961407239
2765,2765_ethiopia_2015,8.738147915,39.84052942,2015,ethiopia,-0.995058491,-1.005252073
2767,2767_ethiopia_2015,8.743045175,36.48444819,2015,ethiopia,-0.0900263,-0.104625602
2769,2769_nigeria_2015,8.745676569,5.608123729,2015,nigeria,1.004721748,0.978629171
2775,2775_ethiopia_2015,8.821662924,38.34692718,2015,ethiopia,0.027855266,-0.003300112
2777,2777_nigeria_2015,8.825399568,11.17908366,2015,nigeria,-0.184877108,-0.199121966
2779,2779_ethiopia_2015,8.841154346,37.9135798,2015,ethiopia,-1.159572576,-1.149000031
2783,2783_nigeria_2015,8.887379253,5.466310819,2015,nigeria,1.537340412,1.513685628
2789,2789_ethiopia_2015,8.939001322,40.47144891,2015,ethiopia,-0.841763133,-0.849681511
2795,2795_ethiopia_2015,9.003973647,39.00274262,2015,ethiopia,-1.230532113,-1.22467892
2799,2799_ethiopia_2015,9.015301159,35.04654083,2015,ethiopia,-0.949948117,-0.943785684
2805,2805_nigeria_2015,9.037355362,6.396907079,2015,nigeria,1.486639422,1.459388913
2807,2807_ethiopia_2015,9.038158806,43.25372679,2015,ethiopia,-0.897191278,-0.905442373
2809,2809_nigeria_2015,9.054607167,9.627554128,2015,nigeria,-0.326539549,-0.333170684
2811,2811_ethiopia_2015,9.056070298,38.58681251,2015,ethiopia,0.842986241,0.810270869
2815,2815_nigeria_2015,9.059789018,5.99411675,2015,nigeria,1.843815428,1.812253414
2817,2817_ethiopia_2015,9.062638427,41.68747052,2015,ethiopia,-0.639517954,-0.655984478
2821,2821_ethiopia_2015,9.067480343,43.53426841,2015,ethiopia,-1.202481643,-1.203306323
2825,2825_ethiopia_2015,9.077029776,35.61563403,2015,ethiopia,-0.901126618,-0.900974706
2829,2829_nigeria_2015,9.088167066,7.315453786,2015,nigeria,1.637669447,1.617437191
2831,2831_nigeria_2015,9.089459595,3.786717171,2015,nigeria,0.311810092,0.284118574
2837,2837_nigeria_2015,9.099141666,7.279650695,2015,nigeria,1.431274368,1.403559276
2839,2839_nigeria_2015,9.12877805,8.955434915,2015,nigeria,0.088569368,0.083654883
2843,2843_nigeria_2015,9.14919109,7.356565031,2015,nigeria,2.048257953,2.022787064
2845,2845_ethiopia_2015,9.150850195,41.84405564,2015,ethiopia,0.326761639,0.307503124
2849,2849_nigeria_2015,9.187168102,11.25314109,2015,nigeria,1.360301343,1.345294798
2853,2853_nigeria_2015,9.209537251,8.473890417,2015,nigeria,0.540133829,0.533908934
2855,2855_ethiopia_2015,9.220795449,42.4952243,2015,ethiopia,-0.183934514,-0.197991042
2857,2857_nigeria_2015,9.227704742,5.698047367,2015,nigeria,1.45316491,1.431738301
2859,2859_ethiopia_2015,9.239757784,42.44194329,2015,ethiopia,-1.161453145,-1.170661616
2861,2861_ethiopia_2015,9.246306416,42.21739449,2015,ethiopia,-0.707381002,-0.711378105
2865,2865_ethiopia_2015,9.264458554,42.14774412,2015,ethiopia,-0.698298414,-0.706585448
2867,2867_ethiopia_2015,9.273056334,42.13221629,2015,ethiopia,-0.931180218,-0.940980537
2869,2869_nigeria_2015,9.275226231,9.806280074,2015,nigeria,0.136602851,0.116302067
2879,2879_ethiopia_2015,9.315073316,42.14465215,2015,ethiopia,-0.619873957,-0.623979996
2881,2881_ethiopia_2015,9.323408324,43.2784116,2015,ethiopia,-1.215292375,-1.215613129
2883,2883_ethiopia_2015,9.332575577,42.24850299,2015,ethiopia,-0.706774743,-0.675152347
2885,2885_nigeria_2015,9.33287881,11.78196754,2015,nigeria,0.744030145,0.6856508
2889,2889_ethiopia_2015,9.338099112,42.09995098,2015,ethiopia,-0.182793078,-0.197392811
2893,2893_nigeria_2015,9.356681194,12.17316373,2015,nigeria,0.919675381,0.913569629
2895,2895_ethiopia_2015,9.358102745,35.57516539,2015,ethiopia,-0.958525757,-0.958693807
2897,2897_ethiopia_2015,9.360295308,42.09206886,2015,ethiopia,-0.155324892,-0.174755035
2899,2899_nigeria_2015,9.367551455,9.968413914,2015,nigeria,1.307870123,1.289954993
2901,2901_ethiopia_2015,9.3710771,42.10319327,2015,ethiopia,-0.213652921,-0.229567024
2903,2903_ethiopia_2015,9.372354933,38.32236278,2015,ethiopia,-0.587709628,-0.600703193
2909,2909_ethiopia_2015,9.388809728,35.61439086,2015,ethiopia,0.693497832,0.660498054
2911,2911_ethiopia_2015,9.39137372,36.21943481,2015,ethiopia,-1.085579664,-1.081155976
2915,2915_nigeria_2015,9.417700266,9.070090673,2015,nigeria,0.825945381,0.802635903
2917,2917_nigeria_2015,9.456362932,7.404968504,2015,nigeria,1.096844772,1.155954229
2919,2919_ethiopia_2015,9.473032405,41.71864922,2015,ethiopia,-0.549991544,-0.557791182
2923,2923_nigeria_2015,9.486182931,11.7394205,2015,nigeria,0.463661877,0.357700792
2925,2925_ethiopia_2015,9.513218188,41.81613432,2015,ethiopia,-0.816832164,-0.82231446
2931,2931_ethiopia_2015,9.550916662,42.08236537,2015,ethiopia,-0.86409838,-0.880044367
2933,2933_ethiopia_2015,9.551525854,41.3583791,2015,ethiopia,-0.698193255,-0.703318878
2937,2937_ethiopia_2015,9.554081998,39.57933871,2015,ethiopia,-1.136330761,-1.12966127
2939,2939_ethiopia_2015,9.565526042,41.52317823,2015,ethiopia,-1.013225793,-1.016130914
2941,2941_ethiopia_2015,9.567890074,41.98226674,2015,ethiopia,-0.818543667,-0.826856071
2943,2943_nigeria_2015,9.568329742,6.549626213,2015,nigeria,1.881463374,1.908635902
2951,2951_nigeria_2015,9.610028632,8.878974615,2015,nigeria,1.647019298,1.681653692
2953,2953_ethiopia_2015,9.612570947,39.78304345,2015,ethiopia,-1.263445319,-1.261706562
2955,2955_ethiopia_2015,9.62033298,34.53426488,2015,ethiopia,-1.090818297,-1.084708652
2957,2957_ethiopia_2015,9.630952284,42.14610457,2015,ethiopia,-0.67932796,-0.685901706
2963,2963_nigeria_2015,9.645483198,3.95106637,2015,nigeria,1.060785436,1.038753666
2967,2967_ethiopia_2015,9.663814157,41.78954977,2015,ethiopia,-1.211927296,-1.208594934
2973,2973_ethiopia_2015,9.678973139,39.9135935,2015,ethiopia,-1.306715173,-1.295910215
2975,2975_nigeria_2015,9.681995922,11.82695065,2015,nigeria,1.194154394,1.18100189
2977,2977_nigeria_2015,9.692965029,12.63958434,2015,nigeria,0.009228782,0.002675101
2979,2979_nigeria_2015,9.731662839,5.797165013,2015,nigeria,0.914337817,0.902780051
2981,2981_ethiopia_2015,9.734430004,34.72855553,2015,ethiopia,-0.196464049,-0.221906598
2983,2983_nigeria_2015,9.74238406,8.463138134,2015,nigeria,1.348849462,1.229017966
2985,2985_ethiopia_2015,9.744227886,34.78729689,2015,ethiopia,-0.781490126,-0.780006285
2989,2989_nigeria_2015,9.749817736,5.622401057,2015,nigeria,0.586938202,0.584960843
2997,2997_ethiopia_2015,9.790074814,37.50594167,2015,ethiopia,-1.015929884,-1.016133574
3001,3001_ethiopia_2015,9.837058609,34.91501515,2015,ethiopia,-0.791407447,-0.79041518
3003,3003_ethiopia_2015,9.844080625,37.12713466,2015,ethiopia,-0.884995288,-0.891960338
3005,3005_ethiopia_2015,9.847086614,36.34229821,2015,ethiopia,-0.23119237,-0.258629808
3007,3007_nigeria_2015,9.860157447,11.19974297,2015,nigeria,1.244160504,1.320915541
3009,3009_ethiopia_2015,9.890489054,39.4845296,2015,ethiopia,-0.394601996,-0.415361174
3013,3013_nigeria_2015,9.893113641,8.866831186,2015,nigeria,1.294357248,1.279575102
3015,3015_ethiopia_2015,9.91264985,42.47254935,2015,ethiopia,-1.080203802,-1.08694214
3017,3017_nigeria_2015,9.917938414,11.68941664,2015,nigeria,0.119981941,0.017382103
3019,3019_ethiopia_2015,9.991906269,37.69255271,2015,ethiopia,-1.187213573,-1.186825257
